{
  "0": 0.04783089411874861,
  "1": 0.05002970165571393,
  "2": 0.05018989334212574,
  "3": 0.05371715822090241,
  "5": 0.05818724764352754,
  "7": 0.06311746550386385,
  "9": 0.06774918316681236,
  "11": 0.0732636364383479,
  "12": 0.07405086963483647,
  "13": 0.07977996284686818,
  "14": 0.08123717913089354,
  "15": 0.08539292921015569,
  "16": 0.08707265574224715,
  "17": 0.09066073690363419,
  "19": 0.09590927951717779,
  "20": 0.09689763678140352,
  "21": 0.10065731941192065,
  "22": 0.10151057317496381,
  "23": 0.10601637292160278,
  "25": 0.11100299887990005,
  "27": 0.11502352881449159,
  "29": 0.12010545618716376
}
