{
    "final_reproj_error": 0.2916398582648,
    "fps": 59.94005994005994,
    "image_height": 720,
    "image_width": 960,
    "intrinsic_type": "FISHEYE",
    "intrinsics": {
        "aspect_ratio": 1.0029788958491257,
        "focal_length": 282.90690977134943,
        "principal_pt_x": 480.8614880228647,
        "principal_pt_y": 359.10700508917233,
        "radial_distortion_1": -0.02196117964405394,
        "radial_distortion_2": -0.018959717016668237,
        "radial_distortion_3": 0.001693880829392453,
        "radial_distortion_4": -0.00016807228608000285,
        "skew": 0.0
    },
    "nr_calib_images": 59,
    "stabelized": false
}
